imgName;saturationHsv;hueHsv;valueHsv;saturationHsi;hueHsi;intensityHsi;lLab;aLab;bLab
126.jpg;150.37773795300677;171.35659099960176;135.1804858622063;0.14344637095928192;0.0;0.5972743034362793;166.0492875;134.04227916666667;140.6198125
141.jpg;145.91217171717173;166.98737373737373;134.455;0.13932129740715027;0.0;0.5847772359848022;165.06925;134.69177916666666;140.84625833333334
142.jpg;145.63848484848484;166.64545454545456;134.14909090909092;0.138980433344841;0.0;0.5835726261138916;165.26182916666667;134.6713125;140.88169583333334
162.jpg;140.29585858585858;159.8080808080808;132.64434343434343;0.1408027559518814;0.0;0.5656840801239014;164.64420416666667;134.72785833333333;141.1657375
163.jpg;138.35218483174285;157.72546459065796;130.944450025113;0.1392916887998581;0.0;0.558198869228363;163.7623875;134.69388333333333;141.10652083333332
194.jpg;148.36783299029696;171.95923992943253;134.69542046456925;0.15903444588184357;0.0;0.5948006510734558;164.74053333333333;134.78612083333334;141.10520416666665
206.jpg;152.04309987567345;175.05447764005575;137.06630750103605;0.13738113641738892;0.0;0.6067501306533813;163.31201666666666;134.76558333333332;141.0178625
207.jpg;149.56664388243337;172.09242803979646;134.7531328320802;0.13767686486244202;0.0;0.5966172218322754;163.997225;134.67407916666667;141.101
