imgName;histR;histG;histB;r;g;b;saturationHsv;hueHsv;valueHsv;saturationHsi;hueHsi;intensityHsi;lLab;aLab;bLab
D1_078.JPG;172.0;205.0;192.0;147.55005917159764;123.83629191321499;117.44355029585799;79.88915187376726;124.35061143984221;153.5542406311637;0.17592784762382507;4.354255199432373;0.5082743763923645;163.43920416666666;136.09779166666667;142.51725416666667
