imgName;histR;histG;histB;r;g;b;saturationHsv;hueHsv;valueHsv;saturationHsi;hueHsi;intensityHsi;lLab;aLab;bLab
085.jpg;175.0;1250.0;155.0;169.65526682596575;148.32825567502988;133.62534846674632;64.2099761051374;101.68672839506173;172.29778972520907;0.1406465321779251;0.0;0.5903384685516357;165.97012916666668;134.3786375;140.47535416666668
118.jpg;159.0;242.0;163.0;161.63036835851298;141.79409268375488;134.64437277202512;65.60363265998981;109.51052452894245;168.34450857239858;0.1345774531364441;3.827679395675659;0.5726390480995178;165.84188333333333;134.6028;140.347125
155.jpg;176.0;157.0;156.0;140.80093023255813;125.71488372093023;127.11674418604652;66.40860465116279;98.52779069767442;152.03046511627906;0.13095644116401672;3.443450689315796;0.5145524144172668;165.45944583333332;134.37447083333333;140.25275416666668
156.jpg;216.0;193.0;160.0;133.6077497665733;117.4390289449113;116.04042950513539;67.74481792717087;109.92156862745098;141.5626517273576;0.1463543325662613;0.0;0.4798525273799896;165.96692916666666;134.9719875;140.75992083333333
Imagem28.JPG;234.0;168.0;194.0;173.01686425112706;146.2875939221907;132.73451327433628;72.64454833862081;108.68538988144932;177.08634162631492;0.15488748252391815;3.803907632827759;0.5909006595611572;167.02225833333333;136.07397916666667;141.76455416666667
